word,count
termination,59.0
lender,41.0
dpc,39.33333333333333
board,36.5
mseb,32.666666666666664
deshmukh,22.0
maharashtra,21.5
notice,21.0
dabhol,18.5
crore,18.0
ppa,15.0
jinbaek,15.0
government,14.25
idbi,14.0
centre,13.5
state,13.125
naphtha,13.0
minister,12.5
power,12.090909090909092
cent,12.0
said,11.5
protest,11.0
chief,11.0
authorise,11.0
vilasrao,11.0
gwyn,11.0
resco,10.0
bansal,10.0
transition,10.0
anshuman,10.0
ect,9.384615384615385
authorised,9.0
pull,9.0
renegotiate,9.0
vote,9.0
official,9.0
step,9.0
melly,9.0
language,9.0
nick,9.0
apex,9.0
taken,8.5
phase,8.5
decision,8.166666666666666
meyers,8.0
abacus,8.0
mcgregor,8.0
preliminary,8.0
koepke,8.0
iris,8.0
mmbtu,8.0
enron,7.779661016949152
project,7.666666666666666
molly,7.666666666666666
india,7.5
shmuel,7.5
sale,7.0
payment,7.0
powerisk,7.0
ashley,7.0
terminate,7.0
six,7.0
favour,7.0
terminating,7.0
vinay,7.0
hold,7.0
liability,7.0
daffin,7.0
ferc,7.0
vent,7.0
kim,7.0
radisson,7.0
rpi,7.0
bill,6.75
ee,6.5
angela,6.5
prabhu,6.0
oren,6.0
renegotiation,6.0
unfortunate,6.0
cline,6.0
lal,6.0
political,6.0
terminated,6.0
committee,6.0
consent,6.0
proceeding,6.0
visa,6.0
ivonne,6.0
veronica,6.0
internship,6.0
partnership,6.0
asian,6.0
digital,6.0
ticket,6.0
per,5.666666666666666
stanford,5.666666666666666
attorney,5.666666666666666
company,5.583333333333333
foreign,5.5
dispute,5.5
serve,5.5
margaret,5.5
escrow,5.5
marshall,5.5
hou,5.162162162162162
sacramento,5.0
station,5.0
ioc,5.0
ipps,5.0
indian,5.0
database,5.0
steven,5.0
baxter,5.0
berkeley,5.0
bruce,5.0
grady,5.0
wind,5.0
despite,5.0
served,5.0
penalty,5.0
arbitration,5.0
pointed,5.0
meanwhile,5.0
saying,5.0
charla,5.0
dorsey,5.0
subsidary,5.0
counterparties,5.0
amadeus,5.0
bambos,5.0
newpower,5.0
shijie,5.0
deng,5.0
margin,5.0
paradigm,5.0
alp,5.0
robertwalters,5.0
christie,4.800000000000001
wharton,4.666666666666666
weather,4.6000000000000005
source,4.6000000000000005
electricity,4.555555555555555
neil,4.5
wade,4.5
stand,4.5
secretary,4.5
karla,4.5
martin,4.333333333333333
guarantee,4.333333333333333
international,4.333333333333333
waiver,4.0
stake,4.0
capture,4.0
residential,4.0
sean,4.0
parent,4.0
apr,4.0
hindu,4.0
institution,4.0
pti,4.0
communication,4.0
invoked,4.0
majeure,4.0
conciliation,4.0
led,4.0
banker,4.0
arm,4.0
harsh,4.0
negotiation,4.0
understood,4.0
action,4.0
prepared,4.0
reported,4.0
adverse,4.0
hansen,4.0
reese,4.0
bus,4.0
tani,4.0
briefing,4.0
mack,4.0
tomas,4.0
valnek,4.0
mumford,4.0
riskcalc,4.0
yannis,4.0
henderson,4.0
skilling,4.0
dagogo,4.0
kalu,4.0
diamond,4.0
rebel,4.0
incentre,4.0
rabi,4.0
valdez,4.0
wolak,4.0
informs,4.0
lin,4.0
christian,4.0
pavel,4.0
zadorozhny,4.0
rsvp,4.0
karen,4.0
guest,4.0
transport,4.0
aluminium,4.0
in,4.0
milenia,4.0
soto,4.0
friday,3.9166666666666665
agreement,3.8571428571428568
meeting,3.8181818181818183
ben,3.8000000000000003
issue,3.75
party,3.75
hotel,3.75
april,3.7333333333333334
conference,3.714285714285714
visit,3.714285714285714
vince,3.707692307692308
finance,3.7
purchase,3.6666666666666665
toni,3.6666666666666665
seminar,3.6666666666666665
internet,3.6666666666666665
auction,3.6666666666666665
model,3.571428571428571
energy,3.5625
htm,3.5
sell,3.5
union,3.5
steve,3.5
austin,3.5
bank,3.5
susan,3.5
software,3.5
strip,3.5
video,3.5
deregulation,3.5
update,3.4285714285714284
tax,3.4000000000000004
rice,3.4000000000000004
patrick,3.4000000000000004
wednesday,3.333333333333333
contract,3.333333333333333
brad,3.333333333333333
faculty,3.333333333333333
chairman,3.333333333333333
magee,3.333333333333333
vol,3.333333333333333
kaminski,3.302325581395349
brown,3.25
jan,3.2
operation,3.2
david,3.1666666666666665
london,3.153846153846154
director,3.153846153846154
development,3.083333333333333
questionnaire,3.0
baylor,3.0
mike,3.0
daily,3.0
delhi,3.0
corporation,3.0
sector,3.0
bankrupt,3.0
reform,3.0
seb,3.0
procurement,3.0
million,3.0
tonne,3.0
procure,3.0
angelika,3.0
covered,3.0
exotic,3.0
gsa,3.0
vps,3.0
exposure,3.0
var,3.0
bradley,3.0
zhang,3.0
qualitec,3.0
candlestick,3.0
chart,3.0
rao,3.0
economic,3.0
voting,3.0
according,3.0
threat,3.0
resolution,3.0
issuing,3.0
clause,3.0
local,3.0
authorisation,3.0
contention,3.0
slapped,3.0
fee,3.0
paunikar,3.0
mumbai,3.0
effect,3.0
scrapping,3.0
blow,3.0
fis,3.0
renegotiations,3.0
winding,3.0
termed,3.0
tough,3.0
controversy,3.0
learnt,3.0
ranganathan,3.0
spokesman,3.0
empowering,3.0
hazare,3.0
garp,3.0
philip,3.0
bulk,3.0
region,3.0
eei,3.0
schwartz,3.0
movement,3.0
feb,3.0
nath,3.0
input,3.0
continental,3.0
forecast,3.0
summer,3.0
harvard,3.0
chicago,3.0
minute,3.0
leppard,3.0
colleen,3.0
nonlinear,3.0
series,3.0
average,3.0
tiger,3.0
teleconference,3.0
woodland,3.0
commission,3.0
ena,3.0
col,3.0
spring,3.0
ehud,3.0
matt,3.0
reprint,3.0
facilties,3.0
initiative,3.0
emerging,3.0
national,3.0
antonio,3.0
anurag,3.0
warm,3.0
mar,3.0
petrochem,3.0
mscf,3.0
physic,3.0
felix,3.0
sigma,3.0
deadline,3.0
sheridan,3.0
titman,3.0
shuttle,3.0
nesbitt,3.0
marketpoint,3.0
judith,3.0
mcintyre,3.0
mooney,3.0
cocoa,3.0
supposed,3.0
rajnish,3.0
would,2.9183673469387754
asked,2.833333333333333
report,2.833333333333333
student,2.833333333333333
pay,2.7777777777777777
com,2.7714285714285714
utility,2.6666666666666665
force,2.6666666666666665
view,2.6666666666666665
suresh,2.6666666666666665
billion,2.6666666666666665
representative,2.6666666666666665
swap,2.6666666666666665
ronn,2.6666666666666665
feldman,2.6666666666666665
melinda,2.6666666666666665
presentation,2.6363636363636362
credit,2.625
move,2.625
hello,2.6
program,2.583333333333333
option,2.571428571428571
texas,2.571428571428571
research,2.533333333333333
panelist,2.5
john,2.5
transmission,2.5
clear,2.5
management,2.5
confirmed,2.5
direct,2.5
actual,2.5
three,2.5
dinner,2.5
attended,2.5
storage,2.5
pdf,2.5
late,2.5
comment,2.5
crisis,2.5
disputed,2.5
fact,2.5
domestic,2.5
pressure,2.5
advice,2.5
hour,2.5
serious,2.5
tariff,2.5
top,2.5
dale,2.5
budget,2.5
paulo,2.5
relation,2.5
session,2.5
parson,2.5
regression,2.5
gordon,2.5
metal,2.5
address,2.5
american,2.5
data,2.4615384615384617
thursday,2.4615384615384617
made,2.444444444444444
curve,2.444444444444444
speaker,2.4285714285714284
risk,2.411764705882353
analysis,2.4000000000000004
participation,2.4000000000000004
investment,2.333333333333333
geman,2.333333333333333
jump,2.333333333333333
graham,2.333333333333333
service,2.333333333333333
ieor,2.333333333333333
ted,2.333333333333333
towards,2.333333333333333
forum,2.333333333333333
held,2.333333333333333
asset,2.333333333333333
mid,2.333333333333333
corporate,2.333333333333333
anita,2.333333333333333
amitava,2.333333333333333
resume,2.333333333333333
license,2.333333333333333
advisor,2.333333333333333
california,2.2857142857142856
time,2.2758620689655173
box,2.25
sandeep,2.25
express,2.25
subsidiary,2.25
period,2.25
status,2.25
fwd,2.25
managing,2.2222222222222223
benefit,2.2
trip,2.2
january,2.2
class,2.2
coordinate,2.2
subject,2.1730769230769234
www,2.1666666666666665
amount,2.1666666666666665
interested,2.1666666666666665
supply,2.1666666666666665
grant,2.1666666666666665
industrial,2.1666666666666665
position,2.1666666666666665
come,2.142857142857143
event,2.125
market,2.1052631578947367
get,2.083333333333333
team,2.083333333333333
edu,2.0588235294117645
corp,2.0416666666666665
need,2.032258064516129
one,2.0
bio,2.0
ship,2.0
university,2.0
http,2.0
clark,2.0
contractor,2.0
placement,2.0
feed,2.0
day,2.0
landman,2.0
install,2.0
security,2.0
measure,2.0
access,2.0
newsdesk,2.0
newsclips,2.0
untie,2.0
editorial,2.0
economictimes,2.0
sop,2.0
buying,2.0
sanjay,2.0
jog,2.0
proposal,2.0
central,2.0
buy,2.0
country,2.0
owes,2.0
buyer,2.0
sovereign,2.0
legislation,2.0
customer,2.0
obligation,2.0
inability,2.0
gujarat,2.0
electrical,2.0
burden,2.0
paid,2.0
glencore,2.0
calender,2.0
bear,2.0
promoted,2.0
dhabol,2.0
surplus,2.0
due,2.0
declined,2.0
december,2.0
invitation,2.0
staude,2.0
programme,2.0
helyette,2.0
brilliant,2.0
virtual,2.0
analysing,2.0
impact,2.0
engineering,2.0
edge,2.0
peter,2.0
combining,2.0
predictive,2.0
modelling,2.0
since,2.0
behavior,2.0
quite,2.0
doubleclick,2.0
net,2.0
meastman,2.0
commitment,2.0
say,2.0
interview,2.0
room,2.0
dept,2.0
etcheverry,2.0
august,2.0
lead,2.0
analyst,2.0
sue,2.0
neville,2.0
bookstore,2.0
gambrell,2.0
james,2.0
tony,2.0
rac,2.0
gordian,2.0
kemen,2.0
jens,2.0
nikita,2.0
varma,2.0
empowers,2.0
cancel,2.0
slam,2.0
brake,2.0
disbursement,2.0
raghu,2.0
mohan,2.0
story,2.0
mahesh,2.0
vijapurkar,2.0
ready,2.0
authorises,2.0
nerve,2.0
raghunatha,2.0
signal,2.0
threatens,2.0
govt,2.0
hubert,2.0
vaz,2.0
deepened,2.0
even,2.0
prevented,2.0
ground,2.0
opposition,2.0
anz,2.0
suisse,2.0
boston,2.0
abn,2.0
amro,2.0
fresh,2.0
march,2.0
cheque,2.0
bandh,2.0
accept,2.0
met,2.0
enabling,2.0
spokesperson,2.0
refused,2.0
hardening,2.0
sharp,2.0
contrast,2.0
warned,2.0
consensus,2.0
serving,2.0
beyond,2.0
imbroglio,2.0
bechtel,2.0
failed,2.0
counter,2.0
overdue,2.0
slapping,2.0
honour,2.0
abeyance,2.0
four,2.0
contractual,2.0
convinced,2.0
worried,2.0
pulling,2.0
loan,2.0
empowered,2.0
sever,2.0
inflict,2.0
intends,2.0
plug,2.0
failure,2.0
basu,2.0
completing,2.0
plant,2.0
raised,2.0
stop,2.0
kilowatt,2.0
speculation,2.0
procedure,2.0
sudden,2.0
death,2.0
godbole,2.0
outcome,2.0
hoped,2.0
damage,2.0
went,2.0
lok,2.0
sabha,2.0
prove,2.0
though,2.0
pre,2.0
crucial,2.0
amicable,2.0
amounting,2.0
appropriate,2.0
overseas,2.0
concerned,2.0
nothing,2.0
stronger,2.0
supplied,2.0
negotiate,2.0
decisive,2.0
giant,2.0
walk,2.0
fdi,2.0
sharad,2.0
delegation,2.0
padamsinh,2.0
patil,2.0
deemed,2.0
authority,2.0
face,2.0
promised,2.0
necessarily,2.0
renegotiating,2.0
willingness,2.0
appoint,2.0
compromise,2.0
shrivastava,2.0
description,2.0
absolutely,2.0
resistance,2.0
leaing,2.0
shorter,2.0
stint,2.0
henwood,2.0
samer,2.0
merrill,2.0
york,2.0
purchasing,2.0
alliance,2.0
southeast,2.0
org,2.0
ljm,2.0
rod,2.0
touch,2.0
dupont,2.0
daryl,2.0
kitchen,2.0
missy,2.0
stevens,2.0
misha,2.0
siegel,2.0
zulie,2.0
flores,2.0
maggie,2.0
valles,2.0
rose,2.0
donnis,2.0
traylor,2.0
raquel,2.0
guerrero,2.0
elsie,2.0
lew,2.0
longoria,2.0
joy,2.0
werner,2.0
tagliarino,2.0
janie,2.0
bonnard,2.0
sylvia,2.0
lillian,2.0
baker,2.0
dianne,2.0
langeland,2.0
laura,2.0
deb,2.0
gebhardt,2.0
alon,2.0
cuccia,2.0
bert,2.0
frazier,2.0
sandy,2.0
lewelling,2.0
sonia,2.0
garcia,2.0
escamilla,2.0
picture,2.0
employee,2.0
villeral,2.0
food,2.0
volunteer,2.0
answer,2.0
tutor,2.0
french,2.0
creditdotcom,2.0
brainstorming,2.0
vasant,2.0
lon,2.0
fmc,2.0
aol,2.0
hamilton,2.0
recommendation,2.0
arranged,2.0
softs,2.0
pencilled,2.0
spain,2.0
alex,2.0
sea,2.0
ross,2.0
pc,2.0
zhendong,2.0
xia,2.0
dengie,2.0
isye,2.0
hogan,2.0
kennedy,2.0
whogan,2.0
started,2.0
spreadsheet,2.0
cdt,2.0
licence,2.0
france,2.0
vacation,2.0
code,2.0
downtown,2.0
broadband,2.0
attract,2.0
close,2.0
tom,2.0
window,2.0
organisational,2.0
announce,2.0
joe,2.0
sullivan,2.0
carmona,2.0
copula,2.0
detection,2.0
classical,2.0
stochastic,2.0
filtering,2.0
melissa,2.0
corley,2.0
jhenders,2.0
mccarty,2.0
degiacic,2.0
upenn,2.0
via,2.0
dial,2.0
teaching,2.0
district,2.0
newsletter,2.0
shape,2.0
wholesale,2.0
brian,2.0
enrononline,2.0
transaction,2.0
border,2.0
xiao,2.0
bos,2.0
urgent,2.0
african,2.0
sustained,2.0
believed,2.0
smaller,2.0
bigger,2.0
containing,2.0
msn,2.0
explorer,2.0
sherri,2.0
eol,2.0
curran,2.0
manuel,2.0
rensink,2.0
haddow,2.0
jonathan,2.0
benevides,2.0
ronnie,2.0
chahal,2.0
steffes,2.0
vladimir,2.0
gorny,2.0
content,2.0
ravi,2.0
charlene,2.0
thuraisingham,2.0
celeste,2.0
economics,2.0
rausser,2.0
drought,2.0
southern,2.0
umbrella,2.0
gaining,2.0
webi,2.0
traditional,2.0
vikas,2.0
domain,2.0
messaging,2.0
addressed,2.0
refer,2.0
gillespie,2.0
ibuyit,2.0
online,2.0
live,2.0
fargo,2.0
marketplace,2.0
frame,2.0
fri,2.0
bench,2.0
spanish,2.0
confirmation,2.0
ste,2.0
marie,2.0
dmitri,2.0
villevald,2.0
eprm,2.0
feng,2.0
monfan,2.0
joao,2.0
neve,2.0
powerbrokersllc,2.0
schwieger,2.0
abnormal,2.0
eqn,2.0
annualized,2.0
intuitive,2.0
table,2.0
paul,2.0
gandy,2.0
jennifer,2.0
martinez,2.0
keenan,2.0
webb,2.0
jennings,2.0
hendon,2.0
billy,2.0
braddock,2.0
garrett,2.0
tripp,2.0
tor,2.0
massey,2.0
